id,category,question,answer,source
1,Basics,What is slime?,"Slime is a soft, stretchy material commonly made by combining a polymer such as PVA glue with an activator that links the polymer chains.",Curated from Michigan Science Center; Fun Science UK; One Little Project
2,Basics,Why does glue turn into slime?,An activator creates links between polymer chains in PVA glue. This changes the glue from a runny liquid into a stretchy gel-like material.,Curated from Michigan Science Center; Fun Science UK; One Little Project
3,Basics,What is the main ingredient in most homemade slime?,PVA-based white or clear school glue is the most common base for homemade slime.,Curated from Michigan Science Center; Fun Science UK; One Little Project
4,Basics,What type of glue works best for basic slime?,A PVA-based white or clear school glue is generally the most reliable choice.,Curated from Michigan Science Center; Fun Science UK; One Little Project
5,Basics,Can clear glue be used for slime?,Yes. Clear PVA glue can be used to make clear slime and other transparent or glitter-based slimes.,Curated from Michigan Science Center; Fun Science UK; One Little Project
6,Basics,What makes slime stretchy?,The balance between the polymer and activator affects stretch. A properly activated slime can stretch while still holding together.,Curated from Michigan Science Center; Fun Science UK; One Little Project
7,Basics,Why does slime become less sticky after kneading?,Kneading helps distribute the activator through the mixture and allows the slime's structure to develop more evenly.,Curated from Michigan Science Center; Fun Science UK; One Little Project
8,Basics,Why is newly made slime sometimes sticky?,"Fresh slime may still need additional kneading and, if necessary, a very small amount of activator.",Curated from Michigan Science Center; Fun Science UK; One Little Project
9,Basics,Can slime be made in different colors?,Yes. Food coloring or suitable coloring can be mixed into the glue before activation.,Curated from Michigan Science Center; Fun Science UK; One Little Project
10,Basics,Can glitter be added to slime?,Yes. Glitter can be mixed into the base before or during the slime-making process.,Curated from Michigan Science Center; Fun Science UK; One Little Project
11,Basics,Can two slime colors be mixed?,"Yes. Two colors can be combined, although mixing them thoroughly will eventually create a blended color.",Curated from Michigan Science Center; Fun Science UK; One Little Project
12,Basics,What equipment is useful for making slime?,"A mixing bowl, spoon or spatula, measuring tools, and a clean work surface are useful for basic slime making.",Curated from Michigan Science Center; Fun Science UK; One Little Project
13,Basics,Why should ingredients be measured consistently?,Consistent measurements make the recipe easier to repeat and make troubleshooting more predictable.,Curated from Michigan Science Center; Fun Science UK; One Little Project
14,Basics,Does temperature affect slime?,Yes. Temperature can affect how quickly the mixture changes texture and how soft the finished slime feels.,Curated from Michigan Science Center; Fun Science UK; One Little Project
15,Basics,What is the basic slime-making process?,"Mix the glue and optional additives, add an appropriate activator gradually while stirring, then knead until the desired texture is reached.",Curated from Michigan Science Center; Fun Science UK; One Little Project
16,Ingredients,What is PVA glue?,"PVA is polyvinyl acetate, a polymer commonly found in school glue and used as the base for many slime recipes.",Curated from Fun Science UK; One Little Project; Contact Lenses UK; Michigan Science Center
17,Ingredients,Why is PVA important for slime?,PVA provides long polymer chains that can be linked by a suitable activator to create slime.,Curated from Fun Science UK; One Little Project; Contact Lenses UK; Michigan Science Center
18,Ingredients,What is an activator?,An activator is an ingredient or solution that helps link the polymer chains in the slime base.,Curated from Fun Science UK; One Little Project; Contact Lenses UK; Michigan Science Center
19,Ingredients,What are common slime activators?,"Common activators include appropriately prepared borate solutions, some contact lens solutions containing suitable borate ingredients, and liquid starch in recipes designed for it.",Curated from Fun Science UK; One Little Project; Contact Lenses UK; Michigan Science Center
20,Ingredients,Does every contact lens solution activate slime?,No. The formulation matters. Some slime recipes rely on contact lens solutions containing boric acid or related borate ingredients.,Curated from Fun Science UK; One Little Project; Contact Lenses UK; Michigan Science Center
21,Ingredients,What should I check on contact lens solution?,Check the ingredient list rather than relying only on the product name. Some slime recipes require a solution containing boric acid or another suitable borate compound.,Curated from Fun Science UK; One Little Project; Contact Lenses UK; Michigan Science Center
22,Ingredients,Can food coloring be added to slime?,Yes. A few drops of food coloring can be mixed into the glue before activation.,Curated from Fun Science UK; One Little Project; Contact Lenses UK; Michigan Science Center
23,Ingredients,Can shaving foam be added to slime?,Yes. Shaving foam is commonly added to recipes for fluffy slime.,Curated from Fun Science UK; One Little Project; Contact Lenses UK; Michigan Science Center
24,Ingredients,Can foam beads be added to slime?,Yes. Small foam beads can be mixed into a suitable slime base to create a crunchy texture.,Curated from Fun Science UK; One Little Project; Contact Lenses UK; Michigan Science Center
25,Ingredients,Can lotion be added to slime?,"Some recipes use a small amount of lotion to make slime feel softer or stretchier. Additives can change the texture, so use them gradually.",Curated from Fun Science UK; One Little Project; Contact Lenses UK; Michigan Science Center
26,Ingredients,Can water be added to slime?,Water can change the texture and consistency of slime. Add it carefully because too much can make the mixture runny.,Curated from Fun Science UK; One Little Project; Contact Lenses UK; Michigan Science Center
27,Ingredients,Can baking soda be used in slime?,Some contact-solution slime recipes use baking soda as part of the activation system. Follow the specific recipe rather than assuming it is required for every slime.,Curated from Fun Science UK; One Little Project; Contact Lenses UK; Michigan Science Center
28,Ingredients,Can laundry starch be used as an activator?,Some slime recipes use liquid or prepared starch solutions as an alternative activator.,Curated from Fun Science UK; One Little Project; Contact Lenses UK; Michigan Science Center
29,Ingredients,Can glitter be used in slime?,"Yes. Glitter can be used as a decorative additive, preferably in a form appropriate for craft use.",Curated from Fun Science UK; One Little Project; Contact Lenses UK; Michigan Science Center
30,Ingredients,Why should ingredients be added gradually?,Gradual addition makes it easier to control the final texture and reduces the chance of over-activating the slime.,Curated from Fun Science UK; One Little Project; Contact Lenses UK; Michigan Science Center
31,Recipes,How do I make basic glue slime?,"Combine PVA glue with any optional color, then add the appropriate activator gradually while stirring. Once the mixture comes together, knead it until smooth.",Curated from Michigan Science Center; Fun Science UK; One Little Project
32,Recipes,How do I make clear slime?,"Use clear PVA glue and a suitable activator. Mix carefully, then let the slime rest in a covered container so trapped bubbles can escape.",Curated from Michigan Science Center; Fun Science UK; One Little Project
33,Recipes,How do I make fluffy slime?,"Start with PVA glue, add shaving foam to create the fluffy texture, then add a suitable activator gradually and knead until the slime forms.",Curated from Michigan Science Center; Fun Science UK; One Little Project
34,Recipes,How do I make crunchy slime?,Prepare a slime base and gradually mix in small foam or texture beads. Knead until the beads are distributed evenly.,Curated from Michigan Science Center; Fun Science UK; One Little Project
35,Recipes,How do I make glitter slime?,"Mix glitter into a suitable glue base, then add the activator gradually and knead until the desired texture is reached.",Curated from Michigan Science Center; Fun Science UK; One Little Project
36,Recipes,How do I make colored slime?,Mix a small amount of food coloring into the glue before adding activator. Add color gradually so the shade is easier to control.,Curated from Michigan Science Center; Fun Science UK; One Little Project
37,Recipes,How do I make stretchy slime?,Use a suitable PVA base and avoid adding too much activator. Knead thoroughly and adjust the texture gradually.,Curated from Michigan Science Center; Fun Science UK; One Little Project
38,Recipes,How do I make soft slime?,A balanced activation level is important. Some recipes also use a small amount of a softening additive such as lotion.,Curated from Michigan Science Center; Fun Science UK; One Little Project
39,Recipes,How do I make slime with clear glue?,"Use clear PVA glue, add any desired color or glitter, and gradually incorporate the appropriate activator until the mixture forms slime.",Curated from Michigan Science Center; Fun Science UK; One Little Project
40,Recipes,How do I make slime with white glue?,"Mix white PVA school glue with optional color, then gradually add a suitable activator while stirring and kneading.",Curated from Michigan Science Center; Fun Science UK; One Little Project
41,Recipes,How do I make slime with contact lens solution?,"Use a recipe specifically designed for contact lens solution. Check that the solution contains the required borate ingredient, mix it gradually with the glue mixture, and knead.",Curated from Michigan Science Center; Fun Science UK; One Little Project
42,Recipes,How do I make slime with liquid starch?,Use a recipe designed for liquid starch. Add the starch gradually to PVA glue while stirring until the mixture forms and then knead it.,Curated from Michigan Science Center; Fun Science UK; One Little Project
43,Recipes,How do I make galaxy slime?,"Use clear slime as a base, add colors such as blue, purple, or red and optional glitter, then activate gradually. Separate colors can be combined for a galaxy effect.",Curated from Michigan Science Center; Fun Science UK; One Little Project
44,Recipes,How do I make simple beginner slime?,Start with PVA glue and one suitable activator system. Avoid adding many extras until the basic slime texture is working.,Curated from Michigan Science Center; Fun Science UK; One Little Project
45,Recipes,How do I make slime without adding decorative ingredients?,Use only the base polymer and the activator specified by the recipe. This produces a plain slime that is easier to troubleshoot.,Curated from Michigan Science Center; Fun Science UK; One Little Project
46,Slime Types,What is fluffy slime?,"Fluffy slime is a soft, airy slime made by incorporating shaving foam into a slime base.",Curated from One Little Project; Michigan Science Center; Fun Science UK
47,Slime Types,What is clear slime?,Clear slime is slime made with a transparent glue base and designed to become transparent after bubbles settle.,Curated from One Little Project; Michigan Science Center; Fun Science UK
48,Slime Types,What is crunchy slime?,Crunchy slime contains small texture pieces such as foam beads that create a crunchy or textured feel.,Curated from One Little Project; Michigan Science Center; Fun Science UK
49,Slime Types,What is glitter slime?,Glitter slime is slime decorated by mixing glitter into the slime base.,Curated from One Little Project; Michigan Science Center; Fun Science UK
50,Slime Types,What is galaxy slime?,Galaxy slime is a decorative style that combines dark or space-inspired colors and often glitter.,Curated from One Little Project; Michigan Science Center; Fun Science UK
51,Slime Types,What is colored slime?,Colored slime is slime with a coloring agent added to create a chosen shade.,Curated from One Little Project; Michigan Science Center; Fun Science UK
52,Slime Types,What is stretchy slime?,Stretchy slime is formulated and activated so that it can be pulled into long strands without breaking immediately.,Curated from One Little Project; Michigan Science Center; Fun Science UK
53,Slime Types,What is over-activated slime?,"Over-activated slime has too much cross-linking and commonly feels stiff, rubbery, or prone to tearing.",Curated from One Little Project; Michigan Science Center; Fun Science UK
54,Slime Types,What is under-activated slime?,Under-activated slime does not have enough cross-linking and commonly remains very sticky or runny.,Curated from One Little Project; Michigan Science Center; Fun Science UK
55,Slime Types,What is cloud-style slime?,Cloud-style slime is a textured slime designed to feel soft and airy. Its exact formulation varies by recipe.,Curated from One Little Project; Michigan Science Center; Fun Science UK
56,Slime Types,What is butter-style slime?,"Butter-style slime is a soft, spreadable slime style often made by combining slime with a clay-like additive.",Curated from One Little Project; Michigan Science Center; Fun Science UK
57,Slime Types,What is scented slime?,"Scented slime contains a fragrance additive. Only suitable craft-safe additives should be used, and the slime should not be eaten.",Curated from One Little Project; Michigan Science Center; Fun Science UK
58,Slime Types,What is textured slime?,"Textured slime contains additives that change how it feels, such as foam beads, glitter, or other craft inclusions.",Curated from One Little Project; Michigan Science Center; Fun Science UK
59,Slime Types,What is transparent slime?,Transparent slime is a clear slime whose bubbles have settled enough for the base to appear see-through.,Curated from One Little Project; Michigan Science Center; Fun Science UK
60,Slime Types,Can one slime have multiple textures?,"Yes. For example, a slime can be fluffy and colored, or clear and glittery, as long as the added materials are compatible with the base.",Curated from One Little Project; Michigan Science Center; Fun Science UK
61,Troubleshooting - Sticky and Runny,Why is my slime too sticky?,"The slime may be under-activated, or it may need more kneading. Add a very small amount of the activator used by the recipe, knead thoroughly, and reassess before adding more.",Curated from Slime in the Coconut; ScienceInsights; Fun Science UK; One Little Project
62,Troubleshooting - Sticky and Runny,How do I fix sticky slime?,"Knead the slime first. If it remains very sticky, add a small amount of the appropriate activator and knead again.",Curated from Slime in the Coconut; ScienceInsights; Fun Science UK; One Little Project
63,Troubleshooting - Sticky and Runny,Why is my slime still sticky after adding activator?,"The activator may be unsuitable, insufficient, or not evenly distributed. Check the recipe and ingredient list, then knead thoroughly before making another small adjustment.",Curated from Slime in the Coconut; ScienceInsights; Fun Science UK; One Little Project
64,Troubleshooting - Sticky and Runny,Why is my slime runny?,A runny slime may not have enough effective activation or may contain too much liquid. Check the recipe and gradually adjust with the correct activator.,Curated from Slime in the Coconut; ScienceInsights; Fun Science UK; One Little Project
65,Troubleshooting - Sticky and Runny,How do I fix runny glue slime?,"If the recipe uses an activator, add it gradually while stirring and kneading until the mixture begins to hold together.",Curated from Slime in the Coconut; ScienceInsights; Fun Science UK; One Little Project
66,Troubleshooting - Sticky and Runny,Can I keep adding activator until sticky slime becomes firm?,"Add activator cautiously. Too much can make slime stiff and rubbery, so small additions followed by kneading are safer for texture control.",Curated from Slime in the Coconut; ScienceInsights; Fun Science UK; One Little Project
67,Troubleshooting - Sticky and Runny,Should I add activator all at once?,No. Gradual addition gives you more control over the texture and helps prevent over-activation.,Curated from Slime in the Coconut; ScienceInsights; Fun Science UK; One Little Project
68,Troubleshooting - Sticky and Runny,Why does slime stick to my hands?,"The slime may be under-activated, or your hands may be warm or damp. Clean, dry hands and additional kneading can help.",Curated from Slime in the Coconut; ScienceInsights; Fun Science UK; One Little Project
69,Troubleshooting - Sticky and Runny,Why does slime stick to the container?,"It may be under-activated or still settling. Knead it and, if necessary, make a small adjustment with the correct activator.",Curated from Slime in the Coconut; ScienceInsights; Fun Science UK; One Little Project
70,Troubleshooting - Sticky and Runny,Can kneading fix sticky slime?,"Kneading can improve stickiness by distributing the activator and allowing the slime structure to develop. If it remains very sticky, a small amount of suitable activator may be needed.",Curated from Slime in the Coconut; ScienceInsights; Fun Science UK; One Little Project
71,Troubleshooting - Sticky and Runny,What if my slime looks like glue soup?,"Check whether the correct glue and activator were used. If the recipe requires activation, add the correct activator gradually and mix thoroughly.",Curated from Slime in the Coconut; ScienceInsights; Fun Science UK; One Little Project
72,Troubleshooting - Sticky and Runny,Why did my slime not activate?,"Common causes include unsuitable glue, an unsuitable activator, an incorrect ingredient combination, or insufficient mixing.",Curated from Slime in the Coconut; ScienceInsights; Fun Science UK; One Little Project
73,Troubleshooting - Sticky and Runny,What if contact solution does not activate my slime?,Check its ingredients. Some contact solutions do not contain the borate compounds required by particular slime recipes.,Curated from Slime in the Coconut; ScienceInsights; Fun Science UK; One Little Project
74,Troubleshooting - Sticky and Runny,Why did adding more water make my slime runny?,Water dilutes the mixture and can reduce its consistency. Add liquids carefully and follow the proportions of the recipe.,Curated from Slime in the Coconut; ScienceInsights; Fun Science UK; One Little Project
75,Troubleshooting - Sticky and Runny,How long should I knead slime before changing the recipe?,Knead thoroughly and give the ingredients time to combine before making another adjustment. Avoid repeatedly adding activator without first mixing.,Curated from Slime in the Coconut; ScienceInsights; Fun Science UK; One Little Project
76,Troubleshooting - Hard and Overactivated,Why is my slime too hard?,"It may be over-activated or have lost moisture. A small amount of a suitable softening ingredient or careful kneading may help, depending on the recipe.",Curated from Slime in the Coconut; ScienceInsights; Milwaukee With Kids
77,Troubleshooting - Hard and Overactivated,Why is my slime rubbery?,Rubbery texture commonly indicates too much activation or an imbalance in the recipe.,Curated from Slime in the Coconut; ScienceInsights; Milwaukee With Kids
78,Troubleshooting - Hard and Overactivated,How do I fix over-activated slime?,"Try kneading it thoroughly and, depending on the recipe, gradually add a small amount of a compatible softening ingredient such as water or another base ingredient.",Curated from Slime in the Coconut; ScienceInsights; Milwaukee With Kids
79,Troubleshooting - Hard and Overactivated,Why does my slime tear instead of stretch?,The slime may be over-activated or too dry. Over-activation makes the polymer network tighter and can reduce stretch.,Curated from Slime in the Coconut; ScienceInsights; Milwaukee With Kids
80,Troubleshooting - Hard and Overactivated,Why does my slime break when I pull it?,"Pulling too quickly can make slime break. If it also feels stiff, it may be over-activated and need careful softening.",Curated from Slime in the Coconut; ScienceInsights; Milwaukee With Kids
81,Troubleshooting - Hard and Overactivated,Can I add water to hard slime?,"A small amount of water can sometimes soften a stiff slime, but add it gradually because too much can make the slime runny.",Curated from Slime in the Coconut; ScienceInsights; Milwaukee With Kids
82,Troubleshooting - Hard and Overactivated,Can I add lotion to hard slime?,Some slime recipes use lotion to soften texture. Add a small amount gradually and knead thoroughly.,Curated from Slime in the Coconut; ScienceInsights; Milwaukee With Kids
83,Troubleshooting - Hard and Overactivated,Why did my slime become hard after I added too much activator?,"Extra activator increases cross-linking, which can make the polymer network tighter and the slime stiffer.",Curated from Slime in the Coconut; ScienceInsights; Milwaukee With Kids
84,Troubleshooting - Hard and Overactivated,How can I avoid over-activating slime?,"Add activator in small amounts, knead between additions, and stop when the slime reaches the desired texture.",Curated from Slime in the Coconut; ScienceInsights; Milwaukee With Kids
85,Troubleshooting - Hard and Overactivated,Is stiff slime always ruined?,No. Some stiff slimes can be softened depending on the ingredients and how heavily they were over-activated.,Curated from Slime in the Coconut; ScienceInsights; Milwaukee With Kids
86,Troubleshooting - Hard and Overactivated,Why does my slime feel like rubber?,A rubbery feel often means the slime has become too highly cross-linked or has lost too much moisture.,Curated from Slime in the Coconut; ScienceInsights; Milwaukee With Kids
87,Troubleshooting - Hard and Overactivated,Can kneading soften stiff slime?,"Kneading can improve texture and distribute any added softening ingredient, although severely over-activated slime may remain stiff.",Curated from Slime in the Coconut; ScienceInsights; Milwaukee With Kids
88,Troubleshooting - Hard and Overactivated,Why did my slime become less stretchy over time?,"Slime can lose moisture and its texture can change with storage, temperature, and repeated handling.",Curated from Slime in the Coconut; ScienceInsights; Milwaukee With Kids
89,Troubleshooting - Hard and Overactivated,What should I do before adding more activator to sticky slime?,Knead the slime thoroughly and verify that the activator is appropriate before adding more.,Curated from Slime in the Coconut; ScienceInsights; Milwaukee With Kids
90,Troubleshooting - Hard and Overactivated,What is the biggest mistake when activating slime?,Adding too much activator too quickly is a common mistake because it can turn a soft slime into a stiff or rubbery one.,Curated from Slime in the Coconut; ScienceInsights; Milwaukee With Kids
91,Troubleshooting - Texture and Appearance,Why does my clear slime look cloudy?,Cloudiness is often caused by trapped air bubbles. Letting clear slime rest in a covered container can allow the bubbles to disappear.,Curated from Slime in the Coconut; One Little Project; Michigan Science Center
92,Troubleshooting - Texture and Appearance,How do I make clear slime clearer?,Place the clear slime in a covered container and allow it to rest. The bubbles can gradually rise out and the slime can become more transparent.,Curated from Slime in the Coconut; One Little Project; Michigan Science Center
93,Troubleshooting - Texture and Appearance,Why does my slime have bubbles?,"Mixing introduces air into the slime. Bubbles are common, especially in clear slime.",Curated from Slime in the Coconut; One Little Project; Michigan Science Center
94,Troubleshooting - Texture and Appearance,How do I remove bubbles from clear slime?,Let the clear slime rest in a covered container for a few days. Avoid repeatedly whipping air into it.,Curated from Slime in the Coconut; One Little Project; Michigan Science Center
95,Troubleshooting - Texture and Appearance,Why is my slime lumpy?,Lumps can form when activator contacts one area before it is distributed. Stirring thoroughly and kneading can help smooth the mixture.,Curated from Slime in the Coconut; One Little Project; Michigan Science Center
96,Troubleshooting - Texture and Appearance,How do I fix lumpy slime?,Work the slime steadily by stirring and kneading so the activator becomes evenly distributed.,Curated from Slime in the Coconut; One Little Project; Michigan Science Center
97,Troubleshooting - Texture and Appearance,Why does my slime have a watery layer?,Separation can happen when the mixture is unbalanced or has been stored for some time. Mix it and assess the texture before making changes.,Curated from Slime in the Coconut; One Little Project; Michigan Science Center
98,Troubleshooting - Texture and Appearance,Why is my slime stringy?,Stringiness can occur when the slime is under-activated or when the polymer network is still developing.,Curated from Slime in the Coconut; One Little Project; Michigan Science Center
99,Troubleshooting - Texture and Appearance,Why does my slime foam up?,Foam can result from vigorous mixing or from ingredients such as shaving foam. Allowing the slime to rest can reduce trapped air.,Curated from Slime in the Coconut; One Little Project; Michigan Science Center
100,Troubleshooting - Texture and Appearance,Why does my slime become sticky when warm?,Warm conditions can soften slime and make it feel tackier. Letting it cool or resting it can improve handling.,Curated from Slime in the Coconut; One Little Project; Michigan Science Center
101,Troubleshooting - Texture and Appearance,Why does my slime feel different after refrigeration?,Cooling can temporarily change how soft or firm slime feels. Let it return toward room temperature before judging its final texture.,Curated from Slime in the Coconut; One Little Project; Michigan Science Center
102,Troubleshooting - Texture and Appearance,Why does my slime leave a film on my hands?,A thin film can indicate that the slime is still under-activated or that your hands are warm or damp.,Curated from Slime in the Coconut; One Little Project; Michigan Science Center
103,Troubleshooting - Texture and Appearance,Why did my slime change color?,"Color can change because of mixing colors, additives, light exposure, or changes in the materials used.",Curated from Slime in the Coconut; One Little Project; Michigan Science Center
104,Troubleshooting - Texture and Appearance,Why does glitter sink in my slime?,Some glitter is denser than the slime base and may settle. A thicker base can hold inclusions better.,Curated from Slime in the Coconut; One Little Project; Michigan Science Center
105,Troubleshooting - Texture and Appearance,Why do foam beads fall out of my slime?,The base may be too loose or sticky to hold the beads securely. The slime needs a suitable consistency for the amount and type of texture pieces added.,Curated from Slime in the Coconut; One Little Project; Michigan Science Center
106,Storage and Care,How should I store slime?,Store slime in an airtight container or sealed bag when it is not being used.,Curated from Michigan Science Center; Milwaukee With Kids; How2s
107,Storage and Care,Why should slime be stored in an airtight container?,A sealed container helps reduce moisture loss and keeps dust and other debris away from the slime.,Curated from Michigan Science Center; Milwaukee With Kids; How2s
108,Storage and Care,Can I store slime in a zip-top bag?,"Yes. A clean, sealed zip-top bag can be used for short-term storage.",Curated from Michigan Science Center; Milwaukee With Kids; How2s
109,Storage and Care,How long does homemade slime last?,"Shelf life varies with ingredients, cleanliness, and storage. Some homemade slime lasts several days or longer when stored properly.",Curated from Michigan Science Center; Milwaukee With Kids; How2s
110,Storage and Care,Why did my slime dry out?,"Repeated exposure to air can cause moisture loss, making slime firmer or less stretchy.",Curated from Michigan Science Center; Milwaukee With Kids; How2s
111,Storage and Care,Can dried slime be softened?,"Depending on the recipe, a small amount of water or another compatible softening ingredient may help. Add it gradually and knead.",Curated from Michigan Science Center; Milwaukee With Kids; How2s
112,Storage and Care,Should slime be kept covered while resting?,Yes. Covering slime helps keep it clean and reduces moisture loss while it rests.,Curated from Michigan Science Center; Milwaukee With Kids; How2s
113,Storage and Care,How do I keep slime clean?,"Use clean hands and a clean work surface, and store the slime in a sealed container.",Curated from Michigan Science Center; Milwaukee With Kids; How2s
114,Storage and Care,Can slime collect dust?,"Yes. Slime is sticky and can pick up dust, hair, and other debris if it is left uncovered.",Curated from Michigan Science Center; Milwaukee With Kids; How2s
115,Storage and Care,What should I do if slime gets dirty?,"Remove visible debris if practical. If the slime is heavily contaminated, it is safer to discard it rather than trying to clean it with random chemicals.",Curated from Michigan Science Center; Milwaukee With Kids; How2s
116,Storage and Care,Can I leave slime uncovered overnight?,It is better to keep slime covered or sealed to reduce drying and contamination.,Curated from Michigan Science Center; Milwaukee With Kids; How2s
117,Storage and Care,Does storage affect slime texture?,"Yes. Exposure to air, temperature changes, and repeated handling can change texture over time.",Curated from Michigan Science Center; Milwaukee With Kids; How2s
118,Storage and Care,Why did my slime shrink during storage?,"Some slime can lose moisture or change structure during storage, which can reduce its volume.",Curated from Michigan Science Center; Milwaukee With Kids; How2s
119,Storage and Care,Should I wash my hands before playing with slime?,Yes. Clean hands help keep the slime and your play area cleaner.,Curated from Michigan Science Center; Milwaukee With Kids; How2s
120,Storage and Care,What should I do with slime that smells bad or shows visible contamination?,Discard it rather than trying to restore it. Unusual odor or visible contamination is a reason not to continue handling it.,Curated from Michigan Science Center; Milwaukee With Kids; How2s
121,Safety,Is homemade slime edible?,Standard glue-based slime is not food and should not be eaten.,Curated from Fun Science UK; Contact Lenses UK; How2s
122,Safety,Can children make slime alone?,"Young children should have appropriate adult supervision, especially when recipes involve borate activators or other chemicals.",Curated from Fun Science UK; Contact Lenses UK; How2s
123,Safety,Should I wash my hands after playing with slime?,Yes. Wash hands after handling slime and clean the work surface.,Curated from Fun Science UK; Contact Lenses UK; How2s
124,Safety,Should slime be kept away from eyes?,Yes. Keep slime and its ingredients away from the eyes and face.,Curated from Fun Science UK; Contact Lenses UK; How2s
125,Safety,What should I do if slime gets in my eyes?,Rinse the eyes with clean water and seek appropriate medical advice if irritation persists or the exposure is concerning.,Curated from Fun Science UK; Contact Lenses UK; How2s
126,Safety,Can slime be used on broken skin?,It is better to avoid putting homemade slime on broken or irritated skin.,Curated from Fun Science UK; Contact Lenses UK; How2s
127,Safety,Is borax safe to handle?,Borax and borate-containing materials should be handled carefully according to the product instructions. Avoid ingestion and unnecessary skin or eye contact.,Curated from Fun Science UK; Contact Lenses UK; How2s
128,Safety,Why should activator be handled carefully?,Some activators can irritate skin or eyes. Use the amount specified by the recipe and follow the product's safety instructions.,Curated from Fun Science UK; Contact Lenses UK; How2s
129,Safety,Can I use random household chemicals as slime activators?,No. Use only an activator that is appropriate for the recipe and known to be compatible with the slime ingredients.,Curated from Fun Science UK; Contact Lenses UK; How2s
130,Safety,Should slime ingredients be stored safely?,Yes. Keep ingredients and activators in their original containers or clearly labeled containers and away from young children and pets.,Curated from Fun Science UK; Contact Lenses UK; How2s
131,Safety,Can pets play with slime?,No. Homemade slime is not intended as a pet toy and may contain ingredients that are unsafe if swallowed.,Curated from Fun Science UK; Contact Lenses UK; How2s
132,Safety,Can slime be used near food?,Keep slime-making materials separate from food-preparation areas and never use food utensils for slime if they will later be used for eating.,Curated from Fun Science UK; Contact Lenses UK; How2s
133,Safety,Why should I avoid putting slime in my mouth?,"Slime may contain glue, activators, colors, fragrances, or other materials that are not intended to be eaten.",Curated from Fun Science UK; Contact Lenses UK; How2s
134,Safety,What should I do after making slime?,"Clean the work area, wash your hands, and store the finished slime in a sealed container.",Curated from Fun Science UK; Contact Lenses UK; How2s
135,Safety,When should I throw slime away?,"Discard slime if it becomes contaminated, develops an unusual odor, shows visible mold, or can no longer be safely handled.",Curated from Fun Science UK; Contact Lenses UK; How2s
136,Slime Science,What is the science behind slime?,"Slime demonstrates polymer behavior. An activator links polymer chains in the base, producing a material with both liquid-like and solid-like behavior.",Curated from Fun Science UK; Michigan Science Center
137,Slime Science,What is a polymer?,A polymer is a material made from long chains of repeating molecular units.,Curated from Fun Science UK; Michigan Science Center
138,Slime Science,Why is slime stretchy?,"The linked polymer chains can move and deform while remaining connected, allowing slime to stretch.",Curated from Fun Science UK; Michigan Science Center
139,Slime Science,Why does slime flow slowly?,"Slime is viscoelastic, meaning it has both viscous and elastic characteristics.",Curated from Fun Science UK; Michigan Science Center
140,Slime Science,Is slime a liquid or a solid?,Slime behaves as a viscoelastic material and can show characteristics of both liquids and soft solids.,Curated from Fun Science UK; Michigan Science Center
141,Slime Science,What happens when activator is added to PVA glue?,"The activator promotes cross-linking between polymer chains, making the mixture thicker and more cohesive.",Curated from Fun Science UK; Michigan Science Center
142,Slime Science,What does cross-linking mean?,"Cross-linking means forming connections between polymer chains, creating a network that changes the material's properties.",Curated from Fun Science UK; Michigan Science Center
143,Slime Science,Why does too much activator make slime stiff?,"More cross-linking can create a tighter polymer network, reducing the freedom of the chains to move and making the slime stiffer.",Curated from Fun Science UK; Michigan Science Center
144,Slime Science,Why does too little activator make slime sticky?,"With insufficient cross-linking, polymer chains remain more mobile and can cling to surfaces.",Curated from Fun Science UK; Michigan Science Center
145,Slime Science,Why does slime stretch slowly instead of snapping immediately?,"The polymer network can deform over time, giving slime viscoelastic behavior.",Curated from Fun Science UK; Michigan Science Center
146,Slime Science,Why does slime bounce sometimes?,"A well-formed slime network can store and release some mechanical energy, allowing the material to rebound.",Curated from Fun Science UK; Michigan Science Center
147,Slime Science,Why does stirring change slime texture?,Stirring redistributes ingredients and applies mechanical forces to the developing polymer network.,Curated from Fun Science UK; Michigan Science Center
148,Slime Science,Why does kneading change slime?,Kneading distributes ingredients and changes the physical arrangement of the polymer network.,Curated from Fun Science UK; Michigan Science Center
149,Slime Science,What is the Weissenberg effect in slime?,The Weissenberg effect is a viscoelastic behavior in which a rotating rod can cause a fluid-like polymer material to climb the rod.,Curated from Fun Science UK; Michigan Science Center
150,Slime Science,Why is clear slime useful for observing bubbles?,Its transparent base makes trapped air bubbles easy to see as the slime rests and becomes clearer.,Curated from Fun Science UK; Michigan Science Center
151,Customization,How can I customize slime color?,Add small amounts of suitable coloring to the glue before activation and adjust gradually.,Curated from Michigan Science Center; One Little Project; Milwaukee With Kids
152,Customization,How can I make slime glittery?,Mix an appropriate amount of craft glitter into the slime base before or during activation.,Curated from Michigan Science Center; One Little Project; Milwaukee With Kids
153,Customization,How can I make slime fluffy?,Incorporate shaving foam into a suitable slime base before adding the activator.,Curated from Michigan Science Center; One Little Project; Milwaukee With Kids
154,Customization,How can I make slime crunchy?,Mix small foam beads or another suitable texture material into the finished or partially formed slime.,Curated from Michigan Science Center; One Little Project; Milwaukee With Kids
155,Customization,How can I make slime softer?,A balanced activation level is the first priority. Some recipes also use a small amount of lotion or another compatible softener.,Curated from Michigan Science Center; One Little Project; Milwaukee With Kids
156,Customization,How can I make slime stretchier?,Avoid over-activation and knead the slime thoroughly. Some recipes use small amounts of compatible softening ingredients.,Curated from Michigan Science Center; One Little Project; Milwaukee With Kids
157,Customization,Can I combine different slime textures?,"Yes. You can combine compatible textures, such as adding foam beads to a fluffy or clear slime base.",Curated from Michigan Science Center; One Little Project; Milwaukee With Kids
158,Customization,Can I mix different slime colors?,"Yes. Combining colors creates a blended color, especially after thorough kneading.",Curated from Michigan Science Center; One Little Project; Milwaukee With Kids
159,Customization,Can I add glitter to clear slime?,Yes. Glitter can be added to clear slime for a decorative effect.,Curated from Michigan Science Center; One Little Project; Milwaukee With Kids
160,Customization,Can I add foam beads to clear slime?,"Yes, provided the clear slime has enough body to hold the beads and the beads are suitable for craft use.",Curated from Michigan Science Center; One Little Project; Milwaukee With Kids
161,Customization,Can I add food coloring to clear slime?,Yes. Small amounts of coloring can tint clear slime.,Curated from Michigan Science Center; One Little Project; Milwaukee With Kids
162,Customization,Can I make a galaxy-themed slime?,"Yes. Use dark or space-inspired colors, optionally add glitter, and combine the colors carefully for a galaxy appearance.",Curated from Michigan Science Center; One Little Project; Milwaukee With Kids
163,Customization,Can I make multiple colors in one batch?,Yes. Divide the slime base into portions and color each portion separately before combining or layering them.,Curated from Michigan Science Center; One Little Project; Milwaukee With Kids
164,Customization,How do I avoid changing the slime texture too much when adding decorations?,Add decorative materials gradually and avoid adding large amounts of liquid or powder that could disrupt the slime's balance.,Curated from Michigan Science Center; One Little Project; Milwaukee With Kids
165,Customization,What is the safest way to experiment with slime textures?,Change one ingredient or additive at a time and record what you changed so you can identify which change affected the texture.,Curated from Michigan Science Center; One Little Project; Milwaukee With Kids
166,Diagnosis,My slime is sticky and stretchy. What should I do?,"Knead it first. If it remains very sticky, add a very small amount of the appropriate activator, knead again, and reassess.",Curated from Slime in the Coconut; Fun Science UK; One Little Project
167,Diagnosis,My slime is hard and tears. What does that mean?,It may be over-activated. Try kneading and gradually introducing a compatible softening ingredient rather than adding more activator.,Curated from Slime in the Coconut; Fun Science UK; One Little Project
168,Diagnosis,My slime is runny and never formed. What should I check?,Check that the glue is suitable PVA glue and that the activator matches the recipe. Then add the correct activator gradually while mixing.,Curated from Slime in the Coconut; Fun Science UK; One Little Project
169,Diagnosis,My clear slime is cloudy. Is it ruined?,Not necessarily. Cloudiness can come from trapped bubbles. Let it rest in a covered container so the bubbles can settle.,Curated from Slime in the Coconut; Fun Science UK; One Little Project
170,Diagnosis,My slime has lumps. Can I save it?,Usually you can try steady stirring and kneading to distribute the activator and smooth the mixture.,Curated from Slime in the Coconut; Fun Science UK; One Little Project
171,Diagnosis,My contact solution did nothing. Why?,The solution may not contain the ingredient required by your recipe. Check the label and compare it with the recipe's activator requirements.,Curated from Slime in the Coconut; Fun Science UK; One Little Project
172,Diagnosis,I added too much activator. What now?,"Stop adding activator. Knead the slime and try a compatible softening approach gradually, depending on the recipe.",Curated from Slime in the Coconut; Fun Science UK; One Little Project
173,Diagnosis,My slime is sticking only to warm hands. What should I do?,"Make sure your hands are clean and dry, then knead the slime. Warmth can make some slimes feel temporarily softer and tackier.",Curated from Slime in the Coconut; Fun Science UK; One Little Project
174,Diagnosis,My slime is losing its stretch. What should I check?,Check whether it has dried out or become over-activated. Storage conditions and repeated handling can also change texture.,Curated from Slime in the Coconut; Fun Science UK; One Little Project
175,Diagnosis,My slime is too fluffy and airy. What can I do?,Knead it thoroughly to reduce some of the trapped air and allow the texture to settle.,Curated from Slime in the Coconut; Fun Science UK; One Little Project
176,Diagnosis,My glitter is sinking. What can I do?,A thicker slime base may hold glitter better. Mix gently and adjust the base rather than adding large amounts of extra material.,Curated from Slime in the Coconut; Fun Science UK; One Little Project
177,Diagnosis,My foam beads keep falling out. What is wrong?,The slime may be too loose to hold the beads. A more cohesive base can help retain texture pieces.,Curated from Slime in the Coconut; Fun Science UK; One Little Project
178,Diagnosis,My slime dried out overnight. Can I restore it?,Try a small amount of a compatible softening ingredient and knead gradually. Avoid adding a large amount of liquid at once.,Curated from Slime in the Coconut; Fun Science UK; One Little Project
179,Diagnosis,My slime smells unusual. Should I keep it?,No. An unusual odor can indicate contamination or deterioration. It is safer to discard it.,Curated from Slime in the Coconut; Fun Science UK; One Little Project
180,Diagnosis,I want to make slime but I do not know which recipe to choose. What should I start with?,"Start with a simple PVA glue slime using one suitable activator system. Once the basic texture works, experiment with colors or textures.",Curated from Slime in the Coconut; Fun Science UK; One Little Project
181,FAQ,Can any school glue make slime?,Not necessarily. A PVA-based school glue is the safer choice for recipes that rely on PVA as the polymer base.,Curated from Slime in the Coconut; Fun Science UK; Contact Lenses UK
182,FAQ,Can glitter glue make slime?,"Some glitter glues can work if they contain a suitable polymer base, but results vary. A recipe using standard PVA glue is easier to troubleshoot.",Curated from Slime in the Coconut; Fun Science UK; Contact Lenses UK
183,FAQ,Can washable glue make slime?,It depends on the formulation. Check whether it is a suitable PVA-based glue for the recipe.,Curated from Slime in the Coconut; Fun Science UK; Contact Lenses UK
184,FAQ,Can gel glue make slime?,Some gel glues have formulations that do not work reliably with standard slime recipes. Use a glue known to be suitable for slime.,Curated from Slime in the Coconut; Fun Science UK; Contact Lenses UK
185,FAQ,Can wood glue be used for normal slime?,Wood glue is not a recommended substitute for the PVA school glue specified by a standard slime recipe.,Curated from Slime in the Coconut; Fun Science UK; Contact Lenses UK
186,FAQ,Can super glue be used for slime?,No. Super glue is not a suitable substitute for school glue in ordinary slime recipes.,Curated from Slime in the Coconut; Fun Science UK; Contact Lenses UK
187,FAQ,Does plain saline solution activate slime?,Not necessarily. A recipe may require boric acid or another suitable borate ingredient; plain saltwater is not automatically an activator.,Curated from Slime in the Coconut; Fun Science UK; Contact Lenses UK
188,FAQ,Why do different brands of glue behave differently?,"Glue formulations vary in polymer concentration and additives, so the amount of activator needed and the final texture can differ.",Curated from Slime in the Coconut; Fun Science UK; Contact Lenses UK
189,FAQ,Why do different activators behave differently?,"Activator formulations and concentrations vary, so different products can produce different rates and strengths of cross-linking.",Curated from Slime in the Coconut; Fun Science UK; Contact Lenses UK
190,FAQ,Can I replace one activator with another?,Only if the recipe is designed for that activator. Different activator systems are not always interchangeable by volume.,Curated from Slime in the Coconut; Fun Science UK; Contact Lenses UK
191,FAQ,Should I follow the same activator amount for every glue?,"No. Glue formulation varies, so treat recipe quantities as starting points and adjust gradually based on texture.",Curated from Slime in the Coconut; Fun Science UK; Contact Lenses UK
192,FAQ,Why is measuring activator important?,"Activator has a strong effect on texture, so inconsistent quantities can cause large differences between batches.",Curated from Slime in the Coconut; Fun Science UK; Contact Lenses UK
193,FAQ,Can I add ingredients after the slime forms?,"Yes, many decorative or texture additives can be incorporated after the base forms, but they should be added gradually.",Curated from Slime in the Coconut; Fun Science UK; Contact Lenses UK
194,FAQ,Why should I add color before activation?,Adding color to the glue first makes it easier to distribute evenly before the mixture becomes thick.,Curated from Slime in the Coconut; Fun Science UK; Contact Lenses UK
195,FAQ,Why should I avoid adding too many ingredients at once?,Adding many ingredients simultaneously makes it harder to identify what caused a texture problem and can disturb the recipe's balance.,Curated from Slime in the Coconut; Fun Science UK; Contact Lenses UK
196,Process,What should I do before making slime?,"Prepare a clean work area, gather the ingredients and tools, read the recipe, and check the safety instructions for any activator.",Curated from Michigan Science Center; Fun Science UK; Slime in the Coconut
197,Process,Should I mix glue and color before activator?,"Yes. For many recipes, coloring is easier to distribute while the glue is still liquid.",Curated from Michigan Science Center; Fun Science UK; Slime in the Coconut
198,Process,When should I add shaving foam?,"For fluffy slime, shaving foam is generally mixed into the glue before the activator is added.",Curated from Michigan Science Center; Fun Science UK; Slime in the Coconut
199,Process,When should I add glitter?,"Glitter can be mixed into the base before or during activation, depending on the recipe.",Curated from Michigan Science Center; Fun Science UK; Slime in the Coconut
200,Process,When should I add foam beads?,"Foam beads can be added once the slime base has formed enough to hold them, or at the stage specified by the recipe.",Curated from Michigan Science Center; Fun Science UK; Slime in the Coconut
201,Process,Why should activator be added slowly?,Slow addition lets you observe the texture and stop before the slime becomes over-activated.,Curated from Michigan Science Center; Fun Science UK; Slime in the Coconut
202,Process,Why should I knead after stirring?,Kneading helps distribute the activator and gives the polymer network time to develop a more uniform texture.,Curated from Michigan Science Center; Fun Science UK; Slime in the Coconut
203,Process,When is slime ready?,Slime is generally ready when it forms a cohesive mass and has the desired stretch and stickiness for the recipe.,Curated from Michigan Science Center; Fun Science UK; Slime in the Coconut
204,Process,Should slime be sticky immediately after activation?,A small amount of stickiness can remain while the slime is being mixed and kneaded. Adjust gradually rather than adding lots of activator immediately.,Curated from Michigan Science Center; Fun Science UK; Slime in the Coconut
205,Process,Why should I let clear slime rest?,"Resting allows trapped air bubbles to escape, improving transparency.",Curated from Michigan Science Center; Fun Science UK; Slime in the Coconut
206,Process,How do I know if I added enough activator?,The mixture should become cohesive and stop behaving like liquid glue. Add only small amounts and knead between adjustments.,Curated from Michigan Science Center; Fun Science UK; Slime in the Coconut
207,Process,What should I do if I am unsure about the texture?,"Stop adding ingredients, knead the slime thoroughly, and compare the texture with the recipe's expected result before making another change.",Curated from Michigan Science Center; Fun Science UK; Slime in the Coconut
208,Process,Should I use a clean bowl?,Yes. A clean bowl reduces contamination and prevents leftover ingredients from changing the recipe.,Curated from Michigan Science Center; Fun Science UK; Slime in the Coconut
209,Process,Should I record my recipe measurements?,Yes. Recording measurements makes successful batches easier to reproduce and failed batches easier to troubleshoot.,Curated from Michigan Science Center; Fun Science UK; Slime in the Coconut
210,Process,What is the best way to experiment with slime?,"Change one variable at a time, record the ingredients and amounts, and observe the result after thorough mixing and kneading.",Curated from Michigan Science Center; Fun Science UK; Slime in the Coconut
211,Domain Questions,Can you tell me how to fix sticky slime?,"Yes. I can help troubleshoot slime that is too sticky by checking the glue, activator, and mixing process.",Curated domain-intent examples
212,Domain Questions,Can you explain why my slime is hard?,"Yes. Hard or rubbery slime is often associated with over-activation or moisture loss, and I can help you troubleshoot it.",Curated domain-intent examples
213,Domain Questions,Can you recommend a slime type for a beginner?,A simple PVA glue slime with one suitable activator is a good starting point because it has fewer variables to troubleshoot.,Curated domain-intent examples
214,Domain Questions,Can you help me choose between fluffy and clear slime?,"Fluffy slime is soft and airy because of shaving foam, while clear slime uses transparent glue and benefits from resting to let bubbles escape.",Curated domain-intent examples
215,Domain Questions,Can you help me troubleshoot contact-solution slime?,Yes. I can check whether the recipe's contact solution contains the required ingredient and help diagnose stickiness or failure to activate.,Curated domain-intent examples
216,Domain Questions,Can you explain slime recipes?,"Yes. I can explain recipes, ingredients, activation, texture changes, storage, and troubleshooting within the slime-making domain.",Curated domain-intent examples
217,Domain Questions,Can you tell me how to store slime?,"Yes. Store slime in a clean, airtight container or sealed bag and keep it away from dirt and contamination.",Curated domain-intent examples
218,Domain Questions,Can you explain why slime stretches?,Yes. Slime stretches because its linked polymer network can deform while remaining connected.,Curated domain-intent examples
219,Domain Questions,Can you explain why slime gets sticky?,"Yes. Sticky slime commonly has insufficient cross-linking, although warmth, moisture, or recipe differences can also affect handling.",Curated domain-intent examples
220,Domain Questions,Can you help me design a glitter slime?,"Yes. Start with a suitable slime base, add glitter gradually, and control the activator so the finished slime remains workable.",Curated domain-intent examples
221,Domain Questions,Can you help me make crunchy slime?,Yes. Prepare a cohesive slime base and gradually incorporate suitable small texture beads or foam pieces.,Curated domain-intent examples
222,Domain Questions,Can you help me fix slime that is too stiff?,Yes. Stop adding activator and try careful kneading and a compatible softening method appropriate to the recipe.,Curated domain-intent examples
223,Domain Questions,Can you tell me whether slime is safe to eat?,No. Standard glue-based slime is not food and should not be eaten.,Curated domain-intent examples
224,Domain Questions,Can you help me identify why my slime failed?,"Yes. The main things to check are the glue type, activator type, ingredient proportions, mixing, and whether too much or too little activator was used.",Curated domain-intent examples
225,Domain Questions,What topics can this slime chatbot answer?,"It can answer questions about slime recipes, ingredients, activators, slime types, troubleshooting, customization, storage, care, safety, and basic slime science.",Curated domain-intent examples
226,Advanced Troubleshooting,Why does my slime feel fine in the bowl but sticky on my hands?,The slime may need more kneading or may be slightly under-activated. Warm or damp hands can also make slime feel stickier.,Curated from Slime in the Coconut; Fun Science UK; One Little Project
227,Advanced Troubleshooting,Why does my slime become sticky again after a few minutes?,"Warmth, moisture, or changes in the slime's structure can increase tackiness. Knead it and reassess before adding more activator.",Curated from Slime in the Coconut; Fun Science UK; One Little Project
228,Advanced Troubleshooting,Why does my slime become stiff after sitting?,Moisture loss or continued changes in the polymer network can make slime firmer during storage.,Curated from Slime in the Coconut; Fun Science UK; One Little Project
229,Advanced Troubleshooting,Why does my slime separate after sitting?,Some recipes can separate during storage. Mix it again and assess whether the texture returns to normal before changing the recipe.,Curated from Slime in the Coconut; Fun Science UK; One Little Project
230,Advanced Troubleshooting,Why did my clear slime turn cloudy after playing with it?,Playing can introduce air bubbles. Let the slime rest in a covered container to allow bubbles to escape.,Curated from Slime in the Coconut; Fun Science UK; One Little Project
231,Advanced Troubleshooting,Why does my clear slime have tiny bubbles everywhere?,Air becomes trapped during mixing. Resting the slime for several days can help the bubbles rise out.,Curated from Slime in the Coconut; Fun Science UK; One Little Project
232,Advanced Troubleshooting,Why does my slime have dry pieces on the surface?,The exposed surface may have lost moisture. Remove contaminated or hardened pieces if appropriate and keep the remaining slime sealed.,Curated from Slime in the Coconut; Fun Science UK; One Little Project
233,Advanced Troubleshooting,Why does my slime feel watery after storage?,Separation or excess liquid can occur in some mixtures. Stir or knead it and check whether the base becomes uniform again.,Curated from Slime in the Coconut; Fun Science UK; One Little Project
234,Advanced Troubleshooting,Why did my slime stop stretching after I added glitter?,The glitter may have changed the texture or the slime may have become over-activated during mixing. Assess the base texture before adding anything else.,Curated from Slime in the Coconut; Fun Science UK; One Little Project
235,Advanced Troubleshooting,Why did adding too much foam change my slime?,Large amounts of shaving foam can change the balance and texture of the mixture. Additives should be introduced gradually.,Curated from Slime in the Coconut; Fun Science UK; One Little Project
236,Advanced Troubleshooting,Why did my slime become too airy?,Vigorous mixing or a large amount of shaving foam can introduce air. Kneading and resting can reduce the airy feel.,Curated from Slime in the Coconut; Fun Science UK; One Little Project
237,Advanced Troubleshooting,Why does my slime feel cold and stiff?,Low temperature can temporarily make slime feel firmer and can slow how quickly its texture changes. Let it warm naturally before making adjustments.,Curated from Slime in the Coconut; Fun Science UK; One Little Project
238,Advanced Troubleshooting,Why does old glue produce poor slime?,"Glue can change with age or storage, and separated or thinned glue may not behave consistently in slime recipes.",Curated from Slime in the Coconut; Fun Science UK; One Little Project
239,Advanced Troubleshooting,Why are there undissolved particles in my borax solution?,Undissolved borax can remain as grit. A properly prepared solution should be mixed according to its recipe and allowed to dissolve appropriately.,Curated from Slime in the Coconut; Fun Science UK; One Little Project
240,Advanced Troubleshooting,Why does my slime recipe work once but not the next time?,"Ingredient brands, measurements, temperature, mixing, and activator concentration can vary. Record the successful batch so it can be reproduced more consistently.",Curated from Slime in the Coconut; Fun Science UK; One Little Project
241,Beginner Guidance,What slime should a beginner make first?,A basic PVA glue slime with one suitable activator is a good first project because the process is simple and easy to troubleshoot.,Curated educational guidance
242,Beginner Guidance,What is the easiest slime texture to start with?,A plain stretchy slime is usually easier to troubleshoot than a recipe with many texture additives.,Curated educational guidance
243,Beginner Guidance,What ingredients should a beginner avoid experimenting with first?,Avoid random household chemicals or many additives at once. Start with the recipe's specified ingredients.,Curated educational guidance
244,Beginner Guidance,How can a beginner avoid ruining slime?,"Measure consistently, add activator slowly, knead between additions, and stop adjusting once the desired texture is reached.",Curated educational guidance
245,Beginner Guidance,What should I do if my first slime fails?,"Do not immediately add many more ingredients. Identify whether the issue is glue, activator, measurement, or mixing, then make one small adjustment.",Curated educational guidance
246,Beginner Guidance,Should beginners make clear slime first?,"Clear slime can be more visually sensitive because bubbles are obvious, so a basic opaque slime may be easier for a first attempt.",Curated educational guidance
247,Beginner Guidance,Is fluffy slime beginner-friendly?,"It can be, but the shaving foam changes the texture and volume. A basic slime is easier for learning activation.",Curated educational guidance
248,Beginner Guidance,Is glitter slime beginner-friendly?,"Yes, if the basic slime texture is already working. Add glitter gradually so it does not complicate troubleshooting.",Curated educational guidance
249,Beginner Guidance,What is the most important slime-making skill?,Controlling the activator and observing texture changes is one of the most important skills.,Curated educational guidance
250,Beginner Guidance,How can I make repeatable slime batches?,"Use the same brands when possible, measure ingredients, record the recipe, and note the final texture.",Curated educational guidance
251,Beginner Guidance,Why should I change one ingredient at a time?,Changing one variable makes it easier to identify which ingredient caused a change in texture.,Curated educational guidance
252,Beginner Guidance,How do I compare two slime recipes?,"Compare the glue type, activator system, ratios, additives, mixing process, and resulting texture.",Curated educational guidance
253,Beginner Guidance,What should I write down when testing slime?,"Record ingredient names, approximate amounts, order of addition, mixing time, and observations about the final texture.",Curated educational guidance
254,Beginner Guidance,How do I know if a recipe is reliable?,"Look for clear ingredient requirements, a consistent process, and guidance for troubleshooting common texture problems.",Curated educational guidance
255,Beginner Guidance,What is the best way to learn slime making?,"Start with a simple recipe, observe how activation changes texture, record results, and then experiment with one variable at a time.",Curated educational guidance
256,Memory Scenarios,I am making fluffy slime. What should I remember?,"For fluffy slime, remember that shaving foam changes the texture and volume. Add activator gradually and knead until the slime becomes cohesive.",Curated educational guidance
257,Memory Scenarios,I am making clear slime. What should I remember?,Clear slime benefits from gentle mixing and resting in a covered container so trapped bubbles can escape.,Curated educational guidance
258,Memory Scenarios,I am using contact lens solution. What should I remember?,Check the ingredient list and make sure it matches the activator requirements of your recipe.,Curated educational guidance
259,Memory Scenarios,I am using borax solution. What should I remember?,"Use the concentration specified by the recipe, add the solution gradually, and follow the product's safety guidance.",Curated educational guidance
260,Memory Scenarios,I want soft slime. What should I avoid?,Avoid over-activation. Too much activator can make slime stiff and rubbery.,Curated educational guidance
261,Memory Scenarios,I want stretchy slime. What should I avoid?,Avoid adding excessive activator and avoid making large adjustments without kneading and checking the texture.,Curated educational guidance
262,Memory Scenarios,I want clear slime. What should I avoid?,Avoid whipping unnecessary air into the slime because bubbles can make it cloudy.,Curated educational guidance
263,Memory Scenarios,I want crunchy slime. What should I remember?,"The base needs enough structure to hold the texture pieces, so make sure the slime is cohesive before adding too many beads.",Curated educational guidance
264,Memory Scenarios,My slime is sticky. What should I remember from the troubleshooting process?,"Check the glue and activator first, knead thoroughly, then add only a small amount of the correct activator if necessary.",Curated educational guidance
265,Memory Scenarios,My slime is hard. What should I remember?,Stop adding activator. Knead the slime and consider a compatible softening approach gradually.,Curated educational guidance
266,Memory Scenarios,My slime has bubbles. What should I remember?,"Bubbles are common. For clear slime, seal the container and let it rest rather than repeatedly mixing it.",Curated educational guidance
267,Memory Scenarios,My slime is dirty. What should I remember?,Do not add random cleaning chemicals. Remove it from play if it is heavily contaminated.,Curated educational guidance
268,Memory Scenarios,I want to make another batch exactly like my successful batch. What should I remember?,"Record the glue brand, activator, measurements, order of addition, and texture observations.",Curated educational guidance
269,Memory Scenarios,I changed the activator brand. What should I remember?,"Different formulations can behave differently, so do not assume the same volume will produce the same texture.",Curated educational guidance
270,Memory Scenarios,I am experimenting with slime. What should I remember?,Change one variable at a time and record the result so you can learn which change affected the texture.,Curated educational guidance
